age,job,marital,education,default,housing,loan,contact,month,day_of_week,duration,campaign,pdays,previous,poutcome,emp.var.rate,cons.price.idx,cons.conf.idx,euribor3m,nr.employed,y
50,blue-collar,married,basic.4y,no,no,yes,cellular,jul,tue,849,1,999,0,nonexistent,1.4,93.918,-42.7,4.961,5228.1,yes
39,technician,divorced,high.school,no,no,no,cellular,mar,mon,222,1,12,2,success,-1.8,93.369,-34.8,0.639,5008.7,yes
38,technician,married,professional.course,no,yes,no,cellular,aug,mon,479,1,999,0,nonexistent,1.4,93.444,-36.1,4.965,5228.1,yes
24,technician,married,university.degree,no,yes,yes,cellular,sep,tue,89,2,3,1,success,-3.4,92.379,-29.8,0.77,5017.5,yes
60,admin.,divorced,professional.course,no,yes,no,cellular,sep,wed,481,1,999,1,failure,-1.1,94.199,-37.5,0.886,4963.6,yes
52,admin.,married,unknown,no,yes,no,telephone,apr,wed,403,1,6,1,success,-1.8,93.749,-34.6,0.654,5008.7,yes
32,blue-collar,married,basic.9y,no,no,no,cellular,nov,mon,1091,2,5,1,success,-0.1,93.2,-42,4.191,5195.8,yes
39,technician,single,professional.course,unknown,no,no,telephone,jun,mon,432,4,999,0,nonexistent,1.4,94.465,-41.8,4.865,5228.1,yes
51,services,married,high.school,unknown,yes,no,telephone,jul,mon,596,3,999,0,nonexistent,1.4,93.918,-42.7,4.962,5228.1,yes
31,technician,single,high.school,no,yes,yes,cellular,aug,tue,768,1,999,0,nonexistent,1.4,93.444,-36.1,4.966,5228.1,yes
47,services,single,basic.9y,no,unknown,unknown,telephone,jun,thu,835,3,999,0,nonexistent,1.4,94.465,-41.8,4.961,5228.1,yes
45,admin.,single,university.degree,no,no,no,cellular,aug,thu,505,1,999,0,nonexistent,1.4,93.444,-36.1,4.964,5228.1,yes
41,entrepreneur,married,university.degree,no,yes,no,cellular,nov,tue,854,1,999,0,nonexistent,-0.1,93.2,-42,4.153,5195.8,yes
75,retired,married,basic.4y,no,no,no,cellular,apr,tue,109,1,999,1,failure,-1.8,93.075,-47.1,1.405,5099.1,yes
38,admin.,divorced,university.degree,no,no,no,cellular,apr,mon,360,1,999,0,nonexistent,-1.8,93.075,-47.1,1.392,5099.1,yes
58,retired,divorced,high.school,no,yes,no,cellular,jun,tue,663,1,999,0,nonexistent,-2.9,92.963,-40.8,1.262,5076.2,yes
53,blue-collar,divorced,basic.4y,no,no,no,telephone,jun,wed,706,1,999,0,nonexistent,1.4,94.465,-41.8,4.959,5228.1,yes
28,technician,single,professional.course,no,yes,no,cellular,aug,thu,63,2,3,1,success,-2.9,92.201,-31.4,0.851,5076.2,yes
82,housemaid,married,basic.4y,no,no,no,telephone,sep,tue,279,3,3,2,success,-1.1,94.199,-37.5,0.877,4963.6,yes
31,unemployed,single,university.degree,no,yes,no,cellular,jul,tue,309,1,6,3,success,-1.7,94.215,-40.3,0.835,4991.6,yes
45,admin.,married,high.school,no,yes,no,cellular,oct,fri,738,3,6,1,success,-1.1,94.601,-49.5,1.029,4963.6,yes
27,admin.,single,unknown,no,no,no,cellular,mar,tue,128,1,3,1,success,-1.8,93.369,-34.8,0.637,5008.7,yes
52,blue-collar,married,basic.9y,no,no,no,cellular,aug,fri,809,1,999,0,nonexistent,1.4,93.444,-36.1,4.966,5228.1,yes
50,blue-collar,married,basic.6y,no,yes,no,cellular,may,mon,293,3,3,1,success,-1.8,92.893,-46.2,1.354,5099.1,yes
50,blue-collar,divorced,high.school,no,yes,yes,cellular,jul,mon,629,2,999,0,nonexistent,1.4,93.918,-42.7,4.96,5228.1,yes
76,retired,single,basic.4y,no,no,no,cellular,nov,mon,347,4,6,1,success,-3.4,92.649,-30.1,0.715,5017.5,yes
33,admin.,single,university.degree,no,yes,no,cellular,aug,thu,686,4,999,0,nonexistent,1.4,93.444,-36.1,4.963,5228.1,yes
41,services,married,high.school,no,no,no,cellular,mar,wed,377,6,999,0,nonexistent,-1.8,92.843,-50,1.778,5099.1,yes
32,technician,married,professional.course,no,yes,no,cellular,jul,thu,255,1,999,0,nonexistent,1.4,93.918,-42.7,4.963,5228.1,yes
54,admin.,married,professional.course,no,no,no,cellular,nov,tue,1868,2,10,1,success,-1.1,94.767,-50.8,1.035,4963.6,yes
58,blue-collar,married,basic.9y,no,yes,no,cellular,aug,mon,846,1,999,0,nonexistent,1.4,93.444,-36.1,4.97,5228.1,yes
59,technician,married,professional.course,no,no,no,cellular,jun,thu,1207,4,999,1,failure,-1.7,94.055,-39.8,0.742,4991.6,yes
26,technician,single,university.degree,no,yes,no,cellular,jul,fri,806,3,6,2,success,-1.7,94.215,-40.3,0.861,4991.6,yes
57,retired,married,basic.9y,no,no,no,cellular,aug,tue,388,4,999,0,nonexistent,1.4,93.444,-36.1,4.965,5228.1,yes
36,blue-collar,married,basic.9y,unknown,no,no,cellular,may,wed,951,3,999,1,failure,-1.8,92.893,-46.2,1.281,5099.1,yes
29,admin.,single,university.degree,no,yes,no,cellular,mar,mon,215,1,999,0,nonexistent,-1.8,93.369,-34.8,0.639,5008.7,yes
81,retired,married,basic.4y,no,no,no,cellular,may,mon,617,2,999,0,nonexistent,-1.8,92.893,-46.2,1.354,5099.1,yes
34,admin.,married,high.school,no,yes,no,cellular,jun,wed,238,1,6,2,success,-1.7,94.055,-39.8,0.704,4991.6,yes
48,technician,married,professional.course,no,yes,no,cellular,aug,fri,336,8,999,0,nonexistent,1.4,93.444,-36.1,4.964,5228.1,yes
30,unemployed,married,high.school,no,no,no,cellular,may,mon,417,1,3,1,success,-1.8,92.893,-46.2,1.354,5099.1,yes
45,blue-collar,married,high.school,no,yes,yes,cellular,nov,mon,449,2,5,3,success,-1.1,94.767,-50.8,1.05,4963.6,yes
61,blue-collar,married,basic.6y,no,yes,yes,cellular,may,fri,403,1,3,2,success,-1.8,93.876,-40,0.695,5008.7,yes
67,housemaid,divorced,professional.course,no,yes,no,cellular,nov,mon,655,2,5,5,success,-1.1,94.767,-50.8,1.039,4963.6,yes
73,retired,married,university.degree,no,yes,no,cellular,mar,fri,179,1,999,0,nonexistent,-1.8,92.843,-50,1.531,5099.1,yes
44,self-employed,single,professional.course,no,yes,no,cellular,may,mon,775,5,999,1,failure,-1.8,92.893,-46.2,1.354,5099.1,yes
30,blue-collar,married,basic.9y,no,no,no,cellular,jul,wed,988,1,999,0,nonexistent,1.4,93.918,-42.7,4.963,5228.1,yes
18,student,single,unknown,no,no,no,cellular,sep,thu,385,1,3,1,success,-3.4,92.379,-29.8,0.809,5017.5,yes
29,technician,married,professional.course,no,no,no,telephone,may,fri,886,3,999,0,nonexistent,1.1,93.994,-36.4,4.864,5191,yes
31,technician,single,university.degree,no,no,no,telephone,oct,thu,154,1,999,0,nonexistent,-0.1,93.798,-40.4,4.794,5195.8,yes
44,entrepreneur,married,basic.4y,no,yes,no,cellular,may,tue,955,2,999,0,nonexistent,-1.8,92.893,-46.2,1.344,5099.1,yes
51,blue-collar,married,high.school,no,yes,no,cellular,may,wed,809,1,999,1,failure,-1.8,92.893,-46.2,1.281,5099.1,yes
38,management,married,university.degree,no,yes,no,cellular,may,fri,1276,1,999,0,nonexistent,-1.8,92.893,-46.2,1.313,5099.1,yes
59,unknown,married,unknown,unknown,no,no,telephone,jun,thu,701,1,999,0,nonexistent,1.4,94.465,-41.8,4.866,5228.1,yes
60,retired,married,unknown,no,yes,no,cellular,aug,mon,600,2,999,0,nonexistent,1.4,93.444,-36.1,4.965,5228.1,yes
33,admin.,married,university.degree,no,yes,no,cellular,jun,tue,690,1,999,0,nonexistent,-2.9,92.963,-40.8,1.262,5076.2,yes
23,student,single,high.school,no,yes,no,cellular,oct,mon,226,2,999,1,failure,-1.1,94.601,-49.5,1.032,4963.6,yes
38,unemployed,married,basic.4y,unknown,no,no,cellular,jul,tue,1058,1,999,0,nonexistent,1.4,93.918,-42.7,4.961,5228.1,yes
33,technician,married,professional.course,no,no,no,cellular,apr,thu,285,1,999,0,nonexistent,-1.8,93.075,-47.1,1.41,5099.1,yes
37,management,married,university.degree,no,yes,no,cellular,jul,fri,292,1,6,1,success,-1.7,94.215,-40.3,0.896,4991.6,yes
31,technician,married,basic.9y,no,no,yes,cellular,jul,thu,1319,5,999,0,nonexistent,1.4,93.918,-42.7,4.958,5228.1,yes
36,technician,single,professional.course,no,no,no,cellular,jun,fri,146,2,999,0,nonexistent,-2.9,92.963,-40.8,1.268,5076.2,yes
77,management,married,unknown,no,yes,no,cellular,aug,fri,160,1,3,6,success,-1.7,94.027,-38.3,0.905,4991.6,yes
35,student,single,university.degree,unknown,no,no,telephone,jun,thu,618,1,999,0,nonexistent,1.4,94.465,-41.8,4.961,5228.1,yes
40,technician,single,university.degree,no,no,no,cellular,nov,mon,130,1,7,2,failure,-3.4,92.649,-30.1,0.714,5017.5,yes
35,services,married,professional.course,no,yes,no,cellular,apr,thu,218,2,6,1,success,-1.8,93.749,-34.6,0.644,5008.7,yes
54,admin.,married,university.degree,no,yes,yes,cellular,aug,fri,204,1,999,1,failure,-2.9,92.201,-31.4,0.849,5076.2,yes
27,services,single,high.school,unknown,no,no,cellular,jul,tue,509,4,999,0,nonexistent,1.4,93.918,-42.7,4.962,5228.1,yes
42,admin.,married,high.school,no,no,no,cellular,nov,mon,651,2,999,1,failure,-0.1,93.2,-42,4.191,5195.8,yes
49,blue-collar,married,basic.9y,unknown,no,no,telephone,jun,thu,1149,2,999,0,nonexistent,1.4,94.465,-41.8,4.866,5228.1,yes
31,student,single,university.degree,no,no,no,cellular,jul,fri,608,3,6,2,success,-1.7,94.215,-40.3,0.885,4991.6,yes
25,student,single,high.school,no,no,no,cellular,nov,thu,244,1,999,0,nonexistent,-1.1,94.767,-50.8,1.041,4963.6,yes
34,technician,married,university.degree,no,yes,no,cellular,nov,wed,686,1,999,0,nonexistent,-0.1,93.2,-42,4.12,5195.8,yes
34,technician,single,university.degree,no,yes,yes,cellular,aug,wed,455,3,999,0,nonexistent,1.4,93.444,-36.1,4.967,5228.1,yes
58,unemployed,married,university.degree,no,yes,no,cellular,nov,thu,344,2,999,0,nonexistent,-1.1,94.767,-50.8,1.041,4963.6,yes
30,technician,single,high.school,no,no,no,cellular,aug,mon,638,4,999,0,nonexistent,1.4,93.444,-36.1,4.963,5228.1,yes
57,retired,married,basic.4y,no,yes,yes,telephone,apr,tue,1348,4,999,0,nonexistent,-1.8,93.075,-47.1,1.405,5099.1,yes
41,entrepreneur,married,university.degree,no,yes,no,cellular,aug,thu,324,1,999,0,nonexistent,-1.7,94.027,-38.3,0.904,4991.6,yes
86,retired,married,unknown,unknown,yes,yes,cellular,sep,tue,211,1,7,4,success,-1.1,94.199,-37.5,0.877,4963.6,yes
41,technician,married,professional.course,no,yes,no,cellular,nov,mon,545,2,999,0,nonexistent,-1.1,94.767,-50.8,1.039,4963.6,yes
42,services,married,university.degree,no,no,no,cellular,dec,wed,179,1,6,1,success,-3,92.713,-33,0.715,5023.5,yes
31,blue-collar,single,basic.9y,no,no,no,telephone,jun,wed,767,2,999,0,nonexistent,1.4,94.465,-41.8,4.864,5228.1,yes
31,admin.,married,high.school,no,no,no,cellular,oct,thu,142,1,999,0,nonexistent,-3.4,92.431,-26.9,0.722,5017.5,yes
33,admin.,married,university.degree,no,yes,no,cellular,nov,fri,482,1,12,1,success,-1.1,94.767,-50.8,1.049,4963.6,yes
45,housemaid,single,basic.4y,no,no,no,telephone,sep,mon,569,4,999,0,nonexistent,-3.4,92.379,-29.8,0.797,5017.5,yes
41,technician,married,high.school,no,no,no,cellular,aug,mon,697,2,999,0,nonexistent,1.4,93.444,-36.1,4.963,5228.1,yes
75,retired,married,university.degree,no,yes,no,cellular,jul,thu,229,1,999,2,failure,-1.7,94.215,-40.3,0.81,4991.6,yes
47,admin.,single,university.degree,no,yes,no,cellular,jun,mon,243,4,999,0,nonexistent,-2.9,92.963,-40.8,1.281,5076.2,yes
27,technician,single,university.degree,no,yes,no,cellular,oct,wed,184,1,999,1,failure,-1.1,94.601,-49.5,1.043,4963.6,yes
30,services,single,high.school,no,yes,no,cellular,jun,mon,181,2,999,0,nonexistent,-2.9,92.963,-40.8,1.26,5076.2,yes
41,admin.,married,university.degree,no,no,no,cellular,jul,mon,1360,3,999,0,nonexistent,1.4,93.918,-42.7,4.96,5228.1,yes
39,blue-collar,single,basic.9y,no,no,no,telephone,may,tue,650,3,999,0,nonexistent,1.1,93.994,-36.4,4.856,5191,yes
48,admin.,divorced,university.degree,no,no,no,cellular,aug,thu,544,1,999,0,nonexistent,-1.7,94.027,-38.3,0.904,4991.6,yes
21,student,single,high.school,no,yes,yes,cellular,jun,wed,286,2,999,0,nonexistent,-1.7,94.055,-39.8,0.767,4991.6,yes
64,unknown,married,unknown,no,yes,no,telephone,aug,fri,239,4,999,0,nonexistent,-1.7,94.027,-38.3,0.905,4991.6,yes
56,management,married,basic.9y,no,yes,no,telephone,jun,tue,941,3,999,0,nonexistent,1.4,94.465,-41.8,4.864,5228.1,yes
38,admin.,married,university.degree,no,yes,no,cellular,nov,tue,64,1,3,3,success,-3.4,92.649,-30.1,0.715,5017.5,yes
24,admin.,single,high.school,no,yes,yes,cellular,mar,wed,224,1,999,0,nonexistent,-1.8,92.843,-50,1.602,5099.1,yes
30,technician,single,university.degree,no,yes,no,cellular,sep,fri,173,2,15,4,failure,-1.1,94.199,-37.5,0.879,4963.6,yes
51,blue-collar,married,basic.9y,no,no,yes,telephone,may,fri,653,1,999,0,nonexistent,1.1,93.994,-36.4,4.855,5191,yes
54,management,married,university.degree,no,no,no,cellular,may,mon,397,1,999,1,failure,-1.8,92.893,-46.2,1.264,5099.1,yes
26,student,single,basic.9y,no,yes,no,cellular,mar,mon,1447,2,999,0,nonexistent,-1.8,92.843,-50,1.811,5099.1,yes
33,blue-collar,married,basic.6y,unknown,yes,yes,telephone,may,fri,1132,2,999,0,nonexistent,1.1,93.994,-36.4,4.855,5191,yes
51,unemployed,married,basic.6y,no,no,no,cellular,jun,thu,280,2,999,1,failure,-2.9,92.963,-40.8,1.26,5076.2,yes
33,technician,single,professional.course,no,yes,no,cellular,aug,tue,396,2,999,0,nonexistent,1.4,93.444,-36.1,4.966,5228.1,yes
25,blue-collar,single,high.school,no,no,no,cellular,may,fri,1068,3,999,0,nonexistent,-1.8,92.893,-46.2,1.25,5099.1,yes
38,management,married,basic.9y,unknown,no,no,telephone,may,fri,772,1,999,0,nonexistent,1.1,93.994,-36.4,4.855,5191,yes
54,admin.,single,university.degree,no,no,no,cellular,may,mon,337,1,999,0,nonexistent,-1.8,92.893,-46.2,1.264,5099.1,yes
36,admin.,single,basic.9y,no,yes,no,cellular,may,tue,458,1,999,0,nonexistent,-1.8,92.893,-46.2,1.291,5099.1,yes
50,admin.,married,university.degree,no,no,no,cellular,aug,tue,587,2,999,1,failure,-2.9,92.201,-31.4,0.859,5076.2,yes
48,admin.,married,university.degree,no,yes,yes,cellular,aug,wed,288,1,0,3,success,-1.7,94.027,-38.3,0.9,4991.6,yes
33,admin.,married,university.degree,no,yes,no,cellular,sep,thu,272,2,999,0,nonexistent,-1.1,94.199,-37.5,0.878,4963.6,yes
41,services,married,high.school,unknown,yes,no,telephone,may,mon,679,2,999,0,nonexistent,1.1,93.994,-36.4,4.857,5191,yes
39,self-employed,divorced,high.school,no,no,no,cellular,sep,tue,261,1,3,1,success,-3.4,92.379,-29.8,0.788,5017.5,yes
52,management,married,high.school,no,yes,yes,cellular,aug,tue,167,1,10,4,failure,-2.9,92.201,-31.4,0.883,5076.2,yes
49,blue-collar,divorced,basic.6y,unknown,no,no,cellular,jul,mon,1065,3,999,0,nonexistent,1.4,93.918,-42.7,4.962,5228.1,yes
50,technician,married,high.school,no,yes,no,cellular,dec,mon,229,1,999,1,failure,-3,92.713,-33,0.717,5023.5,yes
58,unknown,married,basic.9y,no,yes,no,cellular,dec,thu,154,1,999,1,failure,-3,92.713,-33,0.72,5023.5,yes
35,admin.,married,university.degree,no,no,no,cellular,jun,thu,121,4,999,0,nonexistent,-2.9,92.963,-40.8,1.26,5076.2,yes
29,admin.,single,university.degree,no,no,no,cellular,aug,mon,716,2,999,0,nonexistent,1.4,93.444,-36.1,4.965,5228.1,yes
29,blue-collar,divorced,high.school,no,no,no,cellular,may,fri,760,1,999,0,nonexistent,-1.8,92.893,-46.2,1.25,5099.1,yes
36,blue-collar,single,basic.9y,no,yes,yes,telephone,jun,thu,762,3,999,0,nonexistent,1.4,94.465,-41.8,4.955,5228.1,yes
59,unemployed,married,basic.4y,unknown,yes,no,cellular,jul,thu,458,9,999,0,nonexistent,1.4,93.918,-42.7,4.962,5228.1,yes
53,technician,married,university.degree,no,unknown,unknown,cellular,apr,thu,758,2,999,2,failure,-1.8,93.749,-34.6,0.64,5008.7,yes
59,admin.,divorced,high.school,unknown,no,yes,cellular,jul,mon,630,3,999,0,nonexistent,1.4,93.918,-42.7,4.962,5228.1,yes
28,management,single,university.degree,no,no,no,telephone,jun,thu,651,5,999,0,nonexistent,1.4,94.465,-41.8,4.958,5228.1,yes
30,admin.,single,university.degree,no,no,no,cellular,nov,fri,331,2,999,0,nonexistent,-0.1,93.2,-42,4.021,5195.8,yes
37,admin.,single,high.school,no,no,no,cellular,jul,thu,609,2,7,3,success,-1.7,94.215,-40.3,0.782,4991.6,yes
55,retired,divorced,basic.4y,unknown,no,no,cellular,may,wed,526,4,999,1,failure,-1.8,92.893,-46.2,1.281,5099.1,yes
36,management,married,university.degree,no,unknown,unknown,cellular,sep,wed,331,1,6,4,failure,-1.1,94.199,-37.5,0.876,4963.6,yes
71,retired,married,high.school,no,no,no,cellular,sep,mon,363,1,999,0,nonexistent,-1.1,94.199,-37.5,0.879,4963.6,yes
58,admin.,single,university.degree,no,no,no,telephone,may,mon,1234,3,999,0,nonexistent,1.1,93.994,-36.4,4.857,5191,yes
32,unemployed,married,professional.course,no,yes,no,telephone,nov,tue,486,1,999,0,nonexistent,-0.1,93.2,-42,4.343,5195.8,yes
27,admin.,single,university.degree,no,no,no,cellular,mar,tue,238,4,999,0,nonexistent,-1.8,93.369,-34.8,0.635,5008.7,yes
39,technician,married,high.school,no,no,no,cellular,nov,fri,749,2,999,0,nonexistent,-0.1,93.2,-42,4.021,5195.8,yes
31,admin.,single,university.degree,no,yes,no,cellular,jul,wed,1327,2,999,0,nonexistent,1.4,93.918,-42.7,4.963,5228.1,yes
47,admin.,divorced,university.degree,no,yes,no,telephone,jun,fri,2653,3,999,0,nonexistent,1.4,94.465,-41.8,4.967,5228.1,yes
32,admin.,single,high.school,no,no,no,cellular,apr,thu,1143,1,999,0,nonexistent,-1.8,93.075,-47.1,1.365,5099.1,yes
36,admin.,married,university.degree,no,yes,no,cellular,jul,wed,570,2,999,0,nonexistent,1.4,93.918,-42.7,4.962,5228.1,yes
42,admin.,single,university.degree,no,yes,yes,telephone,may,wed,938,1,999,0,nonexistent,1.1,93.994,-36.4,4.858,5191,yes
51,unemployed,married,professional.course,unknown,yes,yes,cellular,jul,thu,901,1,999,0,nonexistent,1.4,93.918,-42.7,4.963,5228.1,yes
68,retired,married,university.degree,no,yes,no,cellular,jul,mon,546,2,999,1,failure,-1.7,94.215,-40.3,0.889,4991.6,yes
33,blue-collar,married,basic.9y,no,no,no,cellular,may,fri,728,1,999,0,nonexistent,-1.8,92.893,-46.2,1.313,5099.1,yes
31,technician,married,university.degree,no,no,no,cellular,sep,thu,244,1,3,1,success,-1.1,94.199,-37.5,0.878,4963.6,yes
38,technician,married,university.degree,no,no,no,cellular,jun,wed,539,1,999,0,nonexistent,-2.9,92.963,-40.8,1.26,5076.2,yes
64,housemaid,married,unknown,no,yes,no,telephone,may,wed,671,3,999,0,nonexistent,-1.8,93.876,-40,0.697,5008.7,yes
51,blue-collar,married,basic.4y,unknown,no,yes,telephone,jun,tue,781,1,999,0,nonexistent,1.4,94.465,-41.8,4.961,5228.1,yes
45,blue-collar,married,basic.4y,no,yes,no,cellular,jul,thu,367,2,999,0,nonexistent,1.4,93.918,-42.7,4.962,5228.1,yes
54,unemployed,married,basic.9y,no,no,no,cellular,may,wed,193,1,3,1,success,-1.8,92.893,-46.2,1.27,5099.1,yes
54,retired,married,basic.4y,no,no,yes,cellular,oct,thu,164,2,999,0,nonexistent,-3.4,92.431,-26.9,0.722,5017.5,yes
78,retired,married,basic.4y,no,no,no,cellular,jul,mon,1148,1,999,0,nonexistent,-1.7,94.215,-40.3,0.87,4991.6,yes
27,services,single,high.school,no,no,no,cellular,jul,fri,423,3,999,0,nonexistent,-1.7,94.215,-40.3,0.79,4991.6,yes
38,blue-collar,single,university.degree,unknown,no,no,telephone,may,fri,894,1,999,0,nonexistent,1.1,93.994,-36.4,4.859,5191,yes
32,services,married,basic.4y,unknown,no,no,cellular,jul,mon,891,4,999,0,nonexistent,1.4,93.918,-42.7,4.96,5228.1,yes
35,admin.,married,high.school,unknown,no,no,cellular,may,fri,585,1,999,0,nonexistent,-1.8,92.893,-46.2,1.25,5099.1,yes
26,technician,single,professional.course,no,yes,no,cellular,sep,fri,249,1,3,3,success,-1.1,94.199,-37.5,0.879,4963.6,yes
80,retired,married,basic.4y,no,no,no,cellular,may,mon,382,1,3,3,success,-1.8,93.876,-40,0.697,5008.7,yes
32,admin.,single,university.degree,no,yes,no,cellular,may,wed,412,1,999,0,nonexistent,-1.8,92.893,-46.2,1.27,5099.1,yes
33,blue-collar,married,basic.6y,no,no,no,telephone,may,wed,1183,1,999,0,nonexistent,1.1,93.994,-36.4,4.857,5191,yes
44,services,divorced,high.school,no,no,no,cellular,may,mon,903,4,999,0,nonexistent,-1.8,92.893,-46.2,1.244,5099.1,yes
39,admin.,divorced,university.degree,no,no,yes,cellular,jul,mon,375,3,999,0,nonexistent,-1.7,94.215,-40.3,0.827,4991.6,yes
44,admin.,divorced,high.school,no,yes,no,telephone,nov,mon,1628,2,6,1,success,-3.4,92.649,-30.1,0.719,5017.5,yes
54,retired,married,basic.4y,no,yes,no,cellular,apr,fri,840,3,999,0,nonexistent,-1.8,93.075,-47.1,1.405,5099.1,yes
29,blue-collar,single,basic.9y,no,no,yes,cellular,oct,wed,107,2,999,0,nonexistent,-3.4,92.431,-26.9,0.735,5017.5,yes
31,student,single,unknown,no,yes,no,cellular,aug,mon,868,3,18,3,failure,-1.7,94.027,-38.3,0.898,4991.6,yes
29,admin.,married,university.degree,no,no,yes,cellular,jun,tue,347,3,5,1,success,-1.7,94.055,-39.8,0.702,4991.6,yes
33,blue-collar,married,basic.6y,no,yes,no,cellular,apr,wed,351,3,999,0,nonexistent,-1.8,93.075,-47.1,1.498,5099.1,yes
36,admin.,unknown,university.degree,no,yes,no,cellular,aug,wed,529,1,999,0,nonexistent,1.4,93.444,-36.1,4.965,5228.1,yes
44,services,divorced,high.school,no,yes,no,cellular,may,thu,533,1,999,0,nonexistent,-1.8,92.893,-46.2,1.266,5099.1,yes
27,admin.,single,university.degree,no,yes,no,cellular,aug,wed,429,2,999,0,nonexistent,-2.9,92.201,-31.4,0.879,5076.2,yes
41,admin.,married,university.degree,no,no,no,cellular,aug,tue,766,2,999,0,nonexistent,1.4,93.444,-36.1,4.968,5228.1,yes
29,services,single,high.school,no,yes,yes,cellular,jun,wed,431,2,999,2,failure,-2.9,92.963,-40.8,1.26,5076.2,yes
37,technician,single,university.degree,no,yes,no,cellular,aug,tue,481,2,999,4,failure,-1.7,94.027,-38.3,0.899,4991.6,yes
55,admin.,married,high.school,no,no,yes,cellular,apr,wed,307,1,999,1,failure,-1.8,93.075,-47.1,1.405,5099.1,yes
50,blue-collar,married,basic.4y,no,no,no,cellular,jul,mon,1130,3,999,0,nonexistent,1.4,93.918,-42.7,4.962,5228.1,yes
48,management,married,university.degree,no,yes,yes,cellular,nov,tue,747,2,999,0,nonexistent,-3.4,92.649,-30.1,0.715,5017.5,yes
33,blue-collar,single,high.school,no,no,no,cellular,may,mon,2301,1,999,0,nonexistent,-1.8,92.893,-46.2,1.244,5099.1,yes
43,technician,married,professional.course,no,no,no,cellular,may,thu,460,1,999,1,failure,-1.8,93.876,-40,0.699,5008.7,yes
30,admin.,married,university.degree,no,yes,no,cellular,apr,tue,496,1,999,0,nonexistent,-1.8,93.075,-47.1,1.423,5099.1,yes
34,admin.,single,university.degree,no,yes,no,cellular,mar,tue,568,1,6,3,success,-1.8,93.369,-34.8,0.652,5008.7,yes
47,blue-collar,married,unknown,unknown,no,no,telephone,may,tue,1334,1,999,0,nonexistent,1.1,93.994,-36.4,4.856,5191,yes
42,technician,married,professional.course,no,no,no,cellular,aug,thu,295,1,6,2,success,-1.7,94.027,-38.3,0.899,4991.6,yes
41,entrepreneur,married,university.degree,no,yes,no,telephone,may,wed,1138,1,999,0,nonexistent,1.1,93.994,-36.4,4.856,5191,yes
33,blue-collar,married,basic.9y,no,yes,no,cellular,jul,wed,1019,11,999,0,nonexistent,1.4,93.918,-42.7,4.957,5228.1,yes
51,admin.,married,university.degree,no,yes,no,cellular,aug,thu,212,1,999,0,nonexistent,-2.9,92.201,-31.4,0.829,5076.2,yes
36,management,divorced,university.degree,no,yes,no,cellular,jun,mon,422,1,3,4,success,-1.7,94.055,-39.8,0.72,4991.6,yes
86,retired,married,unknown,unknown,yes,no,cellular,sep,tue,340,1,999,0,nonexistent,-1.1,94.199,-37.5,0.877,4963.6,yes
37,technician,single,university.degree,no,yes,no,cellular,jun,fri,300,1,999,2,failure,-1.7,94.055,-39.8,0.748,4991.6,yes
30,self-employed,married,university.degree,no,no,no,cellular,jun,mon,212,4,999,0,nonexistent,-1.7,94.055,-39.8,0.72,4991.6,yes
31,self-employed,single,university.degree,no,no,no,cellular,dec,wed,854,1,999,0,nonexistent,-3,92.713,-33,0.715,5023.5,yes
28,unemployed,single,basic.9y,no,no,yes,cellular,aug,tue,261,1,999,1,failure,-1.7,94.027,-38.3,0.899,4991.6,yes
42,technician,married,high.school,no,yes,no,cellular,apr,thu,163,1,999,0,nonexistent,-1.8,93.075,-47.1,1.406,5099.1,yes
37,technician,married,university.degree,no,yes,no,cellular,oct,wed,364,1,999,1,failure,-3.4,92.431,-26.9,0.742,5017.5,yes
32,technician,single,university.degree,unknown,no,no,telephone,may,wed,857,1,999,0,nonexistent,1.1,93.994,-36.4,4.858,5191,yes
36,self-employed,single,university.degree,no,no,yes,cellular,jun,mon,458,1,4,4,success,-1.7,94.055,-39.8,0.72,4991.6,yes
32,unemployed,single,professional.course,no,yes,yes,cellular,jun,wed,310,1,999,0,nonexistent,-1.7,94.055,-39.8,0.704,4991.6,yes
76,retired,married,professional.course,unknown,yes,no,cellular,jun,tue,352,1,3,1,success,-1.7,94.055,-39.8,0.761,4991.6,yes
56,technician,divorced,university.degree,no,no,no,cellular,nov,fri,178,2,3,1,success,-3.4,92.649,-30.1,0.716,5017.5,yes
31,student,single,unknown,no,no,no,cellular,may,thu,243,2,999,1,failure,-1.8,93.876,-40,0.677,5008.7,yes
41,admin.,married,university.degree,no,yes,no,cellular,nov,tue,95,1,3,1,success,-3.4,92.649,-30.1,0.715,5017.5,yes
35,admin.,married,university.degree,no,yes,no,cellular,apr,thu,330,1,10,1,success,-1.8,93.749,-34.6,0.644,5008.7,yes
40,unemployed,single,basic.4y,no,no,no,cellular,jun,tue,355,1,999,0,nonexistent,-2.9,92.963,-40.8,1.252,5076.2,yes
29,admin.,single,university.degree,no,no,no,cellular,jul,wed,873,2,999,0,nonexistent,1.4,93.918,-42.7,4.957,5228.1,yes
39,admin.,married,basic.6y,unknown,no,no,cellular,jul,wed,1176,1,999,0,nonexistent,1.4,93.918,-42.7,4.963,5228.1,yes
39,unemployed,single,university.degree,no,yes,no,cellular,dec,mon,387,1,6,2,success,-3,92.713,-33,0.706,5023.5,yes
30,admin.,single,university.degree,no,yes,no,cellular,jun,wed,617,2,999,0,nonexistent,-2.9,92.963,-40.8,1.26,5076.2,yes
39,blue-collar,married,basic.6y,no,yes,no,cellular,may,thu,476,1,999,0,nonexistent,-1.8,92.893,-46.2,1.327,5099.1,yes
26,admin.,married,high.school,no,yes,no,cellular,nov,fri,338,1,7,1,success,-3.4,92.649,-30.1,0.714,5017.5,yes
32,admin.,married,high.school,no,yes,no,cellular,may,mon,689,1,999,0,nonexistent,-1.8,92.893,-46.2,1.299,5099.1,yes
31,blue-collar,married,professional.course,no,yes,no,cellular,jul,wed,458,2,999,0,nonexistent,1.4,93.918,-42.7,4.963,5228.1,yes
46,technician,divorced,university.degree,no,yes,no,cellular,nov,fri,796,5,999,1,failure,-0.1,93.2,-42,4.021,5195.8,yes
31,technician,divorced,professional.course,no,yes,no,cellular,jul,wed,662,1,999,0,nonexistent,1.4,93.918,-42.7,4.962,5228.1,yes
31,admin.,married,professional.course,no,no,yes,cellular,dec,mon,367,2,999,1,failure,-3,92.713,-33,0.709,5023.5,yes
52,retired,married,basic.4y,no,no,no,telephone,jun,wed,633,1,999,0,nonexistent,1.4,94.465,-41.8,4.864,5228.1,yes
36,blue-collar,single,basic.6y,no,no,no,cellular,nov,tue,238,1,999,0,nonexistent,-1.1,94.767,-50.8,1.046,4963.6,yes
57,admin.,divorced,high.school,no,no,no,cellular,sep,tue,473,1,3,5,success,-1.1,94.199,-37.5,0.877,4963.6,yes
32,services,single,unknown,no,no,yes,cellular,jul,thu,415,2,999,0,nonexistent,-1.7,94.215,-40.3,0.846,4991.6,yes
58,retired,married,basic.4y,unknown,no,no,telephone,may,tue,1045,1,999,0,nonexistent,1.1,93.994,-36.4,4.856,5191,yes
28,technician,single,university.degree,no,yes,no,cellular,may,tue,326,1,999,0,nonexistent,-1.8,92.893,-46.2,1.266,5099.1,yes
37,admin.,single,university.degree,no,yes,no,cellular,apr,thu,261,1,999,0,nonexistent,-1.8,93.075,-47.1,1.365,5099.1,yes
47,admin.,married,high.school,no,yes,no,cellular,aug,mon,1152,3,999,0,nonexistent,1.4,93.444,-36.1,4.965,5228.1,yes
51,admin.,married,university.degree,no,yes,no,cellular,jul,fri,139,5,999,0,nonexistent,-2.9,92.469,-33.6,0.921,5076.2,yes
48,management,married,basic.9y,no,yes,no,cellular,may,tue,725,1,999,0,nonexistent,-1.8,92.893,-46.2,1.291,5099.1,yes
30,admin.,single,university.degree,no,yes,no,cellular,jul,thu,873,8,999,0,nonexistent,1.4,93.918,-42.7,4.962,5228.1,yes
50,admin.,married,university.degree,no,yes,no,cellular,nov,mon,183,1,3,1,success,-3.4,92.649,-30.1,0.714,5017.5,yes
57,retired,married,professional.course,no,yes,no,cellular,jun,mon,166,2,999,0,nonexistent,-2.9,92.963,-40.8,1.266,5076.2,yes
44,admin.,married,university.degree,no,yes,no,cellular,aug,thu,254,2,999,0,nonexistent,-2.9,92.201,-31.4,0.883,5076.2,yes
31,unemployed,single,university.degree,no,yes,no,cellular,mar,tue,180,1,10,1,success,-1.8,93.369,-34.8,0.646,5008.7,yes
39,blue-collar,married,basic.9y,unknown,no,no,telephone,may,tue,504,4,999,0,nonexistent,1.1,93.994,-36.4,4.856,5191,yes
33,admin.,single,university.degree,no,no,no,cellular,jun,wed,206,1,3,1,success,-1.7,94.055,-39.8,0.715,4991.6,yes
30,technician,single,university.degree,no,yes,no,cellular,jun,fri,166,2,999,0,nonexistent,-2.9,92.963,-40.8,1.268,5076.2,yes
39,technician,married,professional.course,no,no,no,telephone,oct,thu,171,1,999,0,nonexistent,-0.1,93.798,-40.4,4.921,5195.8,yes
36,admin.,single,high.school,no,yes,no,cellular,aug,fri,159,1,3,2,success,-2.9,92.201,-31.4,0.849,5076.2,yes
21,student,single,high.school,no,no,no,cellular,oct,tue,362,1,999,0,nonexistent,-1.1,94.601,-49.5,0.982,4963.6,yes
31,admin.,married,high.school,no,no,no,telephone,jun,thu,952,4,999,0,nonexistent,1.4,94.465,-41.8,4.961,5228.1,yes
43,technician,married,university.degree,unknown,unknown,unknown,cellular,may,tue,426,1,999,1,failure,-1.8,92.893,-46.2,1.291,5099.1,yes
55,admin.,divorced,high.school,no,yes,no,cellular,aug,tue,244,2,6,3,success,-1.7,94.027,-38.3,0.904,4991.6,yes
38,housemaid,divorced,university.degree,no,no,no,cellular,nov,wed,403,2,999,0,nonexistent,-1.1,94.767,-50.8,1.03,4963.6,yes
48,blue-collar,married,basic.9y,no,yes,no,cellular,may,tue,268,1,3,3,success,-1.8,93.876,-40,0.668,5008.7,yes
53,services,married,unknown,no,yes,no,cellular,jun,tue,501,3,999,0,nonexistent,-2.9,92.963,-40.8,1.262,5076.2,yes
31,technician,married,professional.course,no,no,no,cellular,jul,thu,3643,1,999,0,nonexistent,1.4,93.918,-42.7,4.963,5228.1,yes
27,admin.,single,high.school,unknown,no,no,cellular,jul,mon,1105,2,999,0,nonexistent,1.4,93.918,-42.7,4.96,5228.1,yes
34,management,married,high.school,no,yes,no,cellular,jul,tue,838,3,999,0,nonexistent,1.4,93.918,-42.7,4.961,5228.1,yes
31,blue-collar,divorced,high.school,no,yes,no,cellular,may,wed,829,1,999,1,failure,-1.8,92.893,-46.2,1.281,5099.1,yes
27,services,single,university.degree,no,yes,no,cellular,mar,mon,104,1,6,1,success,-1.8,93.369,-34.8,0.652,5008.7,yes
28,management,married,university.degree,no,no,no,telephone,jun,wed,771,2,999,0,nonexistent,1.4,94.465,-41.8,4.962,5228.1,yes
47,housemaid,married,university.degree,no,yes,no,cellular,aug,mon,232,2,999,0,nonexistent,-2.9,92.201,-31.4,0.843,5076.2,yes
33,management,single,university.degree,no,yes,yes,cellular,apr,wed,1176,1,999,0,nonexistent,-1.8,93.075,-47.1,1.498,5099.1,yes
31,technician,single,university.degree,no,yes,no,cellular,nov,mon,984,1,999,0,nonexistent,-0.1,93.2,-42,4.191,5195.8,yes
38,blue-collar,married,basic.9y,no,no,no,telephone,jun,fri,693,3,999,0,nonexistent,1.4,94.465,-41.8,4.959,5228.1,yes
30,student,single,high.school,no,no,no,cellular,aug,tue,592,3,999,1,failure,-1.7,94.027,-38.3,0.899,4991.6,yes
32,services,married,high.school,no,yes,no,telephone,may,wed,628,2,999,0,nonexistent,-1.8,92.893,-46.2,1.27,5099.1,yes
35,technician,single,professional.course,no,yes,no,cellular,nov,thu,192,2,999,1,failure,-3.4,92.649,-30.1,0.714,5017.5,yes
41,admin.,single,unknown,no,yes,yes,telephone,may,mon,1111,3,999,0,nonexistent,1.1,93.994,-36.4,4.857,5191,yes
22,blue-collar,single,basic.9y,no,yes,yes,cellular,jul,mon,848,1,999,0,nonexistent,1.4,93.918,-42.7,4.96,5228.1,yes
52,technician,married,professional.course,no,yes,yes,cellular,sep,mon,211,1,999,1,failure,-3.4,92.379,-29.8,0.797,5017.5,yes
29,admin.,single,university.degree,no,yes,yes,cellular,aug,thu,254,3,3,1,success,-2.9,92.201,-31.4,0.873,5076.2,yes
50,technician,married,professional.course,no,yes,no,telephone,may,fri,855,2,999,0,nonexistent,1.1,93.994,-36.4,4.864,5191,yes
29,admin.,married,university.degree,no,yes,no,cellular,may,mon,565,1,999,0,nonexistent,-1.8,92.893,-46.2,1.244,5099.1,yes
38,admin.,single,university.degree,unknown,yes,no,telephone,jun,tue,992,1,999,0,nonexistent,1.4,94.465,-41.8,4.864,5228.1,yes
26,admin.,single,high.school,no,no,no,telephone,may,fri,619,2,999,0,nonexistent,1.1,93.994,-36.4,4.859,5191,yes
34,admin.,single,university.degree,no,no,no,cellular,sep,fri,260,3,3,2,success,-3.4,92.379,-29.8,0.773,5017.5,yes
41,technician,married,professional.course,no,unknown,unknown,cellular,jun,tue,318,1,4,3,success,-2.9,92.963,-40.8,1.262,5076.2,yes
32,blue-collar,married,basic.6y,unknown,yes,no,cellular,may,wed,459,1,999,0,nonexistent,-1.8,92.893,-46.2,1.281,5099.1,yes
57,self-employed,married,university.degree,no,no,yes,cellular,jul,thu,1441,2,999,0,nonexistent,1.4,93.918,-42.7,4.962,5228.1,yes
58,blue-collar,married,basic.4y,unknown,yes,no,telephone,jun,fri,570,2,999,0,nonexistent,1.4,94.465,-41.8,4.959,5228.1,yes
38,technician,married,professional.course,no,yes,yes,cellular,mar,thu,63,2,999,0,nonexistent,-1.8,92.843,-50,1.757,5099.1,yes
55,entrepreneur,single,unknown,unknown,no,no,telephone,jul,wed,542,1,999,0,nonexistent,1.4,93.918,-42.7,4.963,5228.1,yes
33,admin.,single,university.degree,no,yes,no,telephone,oct,thu,166,3,6,2,success,-3.4,92.431,-26.9,0.74,5017.5,yes
39,services,married,high.school,no,yes,no,cellular,may,thu,328,2,6,3,success,-1.8,93.876,-40,0.683,5008.7,yes
59,admin.,married,university.degree,no,no,no,telephone,oct,tue,85,1,999,0,nonexistent,-0.1,93.798,-40.4,4.968,5195.8,yes
53,entrepreneur,married,basic.4y,no,yes,yes,cellular,apr,tue,398,2,999,0,nonexistent,-1.8,93.749,-34.6,0.644,5008.7,yes
48,management,married,university.degree,no,yes,no,cellular,oct,wed,294,1,999,1,failure,-3.4,92.431,-26.9,0.74,5017.5,yes
62,admin.,married,high.school,no,no,no,telephone,mar,mon,163,2,999,0,nonexistent,-1.8,92.843,-50,1.52,5099.1,yes
24,services,single,high.school,no,no,no,cellular,jul,thu,1150,3,999,0,nonexistent,1.4,93.918,-42.7,4.958,5228.1,yes
50,technician,single,university.degree,no,yes,no,telephone,apr,fri,634,1,999,0,nonexistent,-1.8,93.749,-34.6,0.644,5008.7,yes
46,admin.,divorced,high.school,no,yes,no,cellular,jun,mon,372,1,999,0,nonexistent,-2.9,92.963,-40.8,1.26,5076.2,yes
42,technician,married,professional.course,no,no,no,cellular,may,mon,377,1,999,0,nonexistent,-1.8,92.893,-46.2,1.264,5099.1,yes
41,admin.,married,basic.6y,no,no,no,cellular,apr,fri,1203,2,999,1,failure,-1.8,93.075,-47.1,1.479,5099.1,yes
56,retired,married,high.school,no,yes,yes,cellular,jul,fri,308,2,999,0,nonexistent,-2.9,92.469,-33.6,1.059,5076.2,yes
32,admin.,single,university.degree,no,no,no,cellular,aug,wed,823,1,999,0,nonexistent,1.4,93.444,-36.1,4.965,5228.1,yes
57,admin.,married,unknown,no,yes,no,cellular,dec,wed,391,2,999,0,nonexistent,-3,92.713,-33,0.706,5023.5,yes
61,admin.,married,university.degree,unknown,yes,no,cellular,jun,wed,1076,2,999,0,nonexistent,-2.9,92.963,-40.8,1.26,5076.2,yes
33,admin.,married,university.degree,no,yes,no,cellular,may,tue,165,1,999,1,failure,-1.8,92.893,-46.2,1.266,5099.1,yes
33,services,single,university.degree,no,yes,no,cellular,oct,mon,252,2,3,2,success,-1.1,94.601,-49.5,0.977,4963.6,yes
34,admin.,single,university.degree,no,no,no,cellular,nov,thu,169,1,7,2,success,-3.4,92.649,-30.1,0.714,5017.5,yes
41,services,married,high.school,no,yes,no,cellular,may,wed,314,2,999,0,nonexistent,-1.8,92.893,-46.2,1.281,5099.1,yes
21,student,single,high.school,no,no,no,cellular,oct,mon,328,1,999,0,nonexistent,-3.4,92.431,-26.9,0.739,5017.5,yes
38,blue-collar,single,high.school,no,no,no,cellular,mar,wed,141,1,999,1,failure,-1.8,93.369,-34.8,0.655,5008.7,yes
44,services,married,unknown,no,no,yes,cellular,jun,mon,151,1,999,0,nonexistent,-2.9,92.963,-40.8,1.26,5076.2,yes
50,admin.,married,university.degree,no,yes,no,cellular,apr,fri,160,1,999,0,nonexistent,-1.8,93.075,-47.1,1.4,5099.1,yes
50,services,married,basic.4y,unknown,yes,no,telephone,may,wed,507,1,999,0,nonexistent,1.1,93.994,-36.4,4.857,5191,yes
47,admin.,married,university.degree,no,no,no,cellular,aug,wed,470,1,4,2,success,-1.7,94.027,-38.3,0.9,4991.6,yes
62,management,divorced,high.school,no,no,no,cellular,aug,mon,405,1,999,0,nonexistent,-2.9,92.201,-31.4,0.861,5076.2,yes
28,admin.,divorced,university.degree,no,yes,no,cellular,may,thu,1148,1,999,0,nonexistent,-1.8,92.893,-46.2,1.327,5099.1,yes
39,technician,single,university.degree,unknown,no,yes,cellular,oct,fri,125,1,999,0,nonexistent,-3.4,92.431,-26.9,0.72,5017.5,yes
60,admin.,married,professional.course,no,yes,no,cellular,apr,thu,571,1,999,0,nonexistent,-1.8,93.075,-47.1,1.365,5099.1,yes
28,admin.,married,high.school,no,yes,no,cellular,nov,tue,254,5,999,0,nonexistent,-3.4,92.649,-30.1,0.715,5017.5,yes
45,services,single,unknown,no,no,no,telephone,apr,fri,541,1,999,0,nonexistent,-1.8,93.075,-47.1,1.405,5099.1,yes
39,technician,single,professional.course,no,no,no,cellular,jul,mon,617,2,999,0,nonexistent,1.4,93.918,-42.7,4.96,5228.1,yes
59,blue-collar,married,basic.4y,unknown,no,no,cellular,jun,wed,340,1,999,1,failure,-2.9,92.963,-40.8,1.26,5076.2,yes
32,technician,single,university.degree,no,yes,no,cellular,aug,tue,645,4,999,0,nonexistent,1.4,93.444,-36.1,4.966,5228.1,yes
31,blue-collar,married,basic.9y,no,yes,no,telephone,jun,wed,704,4,999,0,nonexistent,1.4,94.465,-41.8,4.962,5228.1,yes
54,retired,married,professional.course,unknown,no,no,cellular,aug,tue,95,2,999,0,nonexistent,-2.9,92.201,-31.4,0.838,5076.2,yes
49,technician,married,unknown,no,no,no,cellular,apr,fri,378,1,999,0,nonexistent,-1.8,93.075,-47.1,1.405,5099.1,yes
28,services,divorced,high.school,unknown,no,yes,cellular,jul,fri,278,2,999,0,nonexistent,1.4,93.918,-42.7,4.957,5228.1,yes
23,blue-collar,single,basic.9y,no,no,no,cellular,jul,thu,250,4,999,1,failure,-1.7,94.215,-40.3,0.846,4991.6,yes
66,retired,married,basic.4y,no,yes,yes,telephone,nov,thu,1127,1,999,0,nonexistent,-3.4,92.649,-30.1,0.714,5017.5,yes
48,admin.,divorced,university.degree,no,no,no,cellular,may,tue,1062,3,999,0,nonexistent,-1.8,92.893,-46.2,1.291,5099.1,yes
37,management,married,high.school,no,no,no,cellular,may,fri,292,3,999,0,nonexistent,-1.8,93.876,-40,0.682,5008.7,yes
46,services,married,basic.9y,no,no,no,cellular,may,wed,984,1,999,1,failure,-1.8,92.893,-46.2,1.334,5099.1,yes
59,retired,married,professional.course,no,no,no,cellular,aug,fri,218,3,3,1,success,-1.7,94.027,-38.3,0.905,4991.6,yes
30,entrepreneur,single,university.degree,no,yes,no,cellular,nov,thu,531,1,999,1,failure,-0.1,93.2,-42,4.076,5195.8,yes
37,admin.,divorced,university.degree,unknown,yes,no,cellular,may,mon,442,1,999,0,nonexistent,-1.8,92.893,-46.2,1.244,5099.1,yes
27,technician,single,university.degree,no,yes,no,cellular,sep,thu,530,1,3,1,success,-1.1,94.199,-37.5,0.879,4963.6,yes
58,management,married,university.degree,no,no,no,cellular,may,thu,289,1,3,4,success,-1.8,93.876,-40,0.683,5008.7,yes
30,admin.,married,university.degree,no,yes,yes,cellular,apr,thu,739,2,999,0,nonexistent,-1.8,93.075,-47.1,1.483,5099.1,yes
29,technician,married,high.school,no,yes,no,cellular,jun,fri,365,3,999,0,nonexistent,-2.9,92.963,-40.8,1.268,5076.2,yes
54,entrepreneur,married,professional.course,no,no,no,cellular,nov,tue,1855,1,999,0,nonexistent,-0.1,93.2,-42,4.153,5195.8,yes
22,admin.,single,university.degree,no,yes,no,cellular,sep,mon,194,2,999,3,failure,-1.1,94.199,-37.5,0.882,4963.6,yes
48,blue-collar,married,basic.9y,no,no,no,telephone,may,mon,607,1,999,0,nonexistent,1.1,93.994,-36.4,4.858,5191,yes
32,self-employed,single,university.degree,no,no,no,cellular,jul,thu,276,2,999,0,nonexistent,-2.9,92.469,-33.6,1.072,5076.2,yes
29,admin.,single,unknown,no,yes,no,cellular,mar,mon,132,1,999,0,nonexistent,-1.8,93.369,-34.8,0.652,5008.7,yes
55,retired,married,high.school,no,yes,no,cellular,oct,thu,424,2,7,1,success,-3.4,92.431,-26.9,0.722,5017.5,yes
31,blue-collar,single,basic.4y,no,no,no,telephone,jun,thu,590,3,999,0,nonexistent,1.4,94.465,-41.8,4.866,5228.1,yes
27,admin.,single,university.degree,no,yes,no,cellular,jun,fri,266,2,999,1,failure,-1.7,94.055,-39.8,0.748,4991.6,yes
43,blue-collar,single,basic.6y,no,yes,yes,cellular,jul,wed,1806,4,999,0,nonexistent,1.4,93.918,-42.7,4.957,5228.1,yes
32,admin.,single,professional.course,no,yes,yes,cellular,may,thu,1046,1,999,0,nonexistent,-1.8,92.893,-46.2,1.327,5099.1,yes
47,admin.,single,university.degree,no,no,no,cellular,oct,mon,767,3,999,0,nonexistent,-1.1,94.601,-49.5,1,4963.6,yes
37,technician,married,professional.course,no,no,yes,cellular,jul,fri,674,3,999,0,nonexistent,1.4,93.918,-42.7,4.957,5228.1,yes
35,technician,married,high.school,unknown,yes,no,cellular,jul,tue,740,1,999,0,nonexistent,1.4,93.918,-42.7,4.962,5228.1,yes
32,blue-collar,married,professional.course,no,no,no,telephone,may,thu,1119,1,999,0,nonexistent,1.1,93.994,-36.4,4.855,5191,yes
60,admin.,married,high.school,no,yes,yes,cellular,apr,thu,482,2,999,0,nonexistent,-1.8,93.075,-47.1,1.365,5099.1,yes
30,blue-collar,married,professional.course,no,no,no,cellular,may,fri,1357,4,999,1,failure,-1.8,92.893,-46.2,1.25,5099.1,yes
80,retired,divorced,high.school,no,yes,no,cellular,oct,thu,169,1,999,0,nonexistent,-3.4,92.431,-26.9,0.722,5017.5,yes
30,admin.,single,high.school,no,no,no,cellular,sep,fri,219,3,6,1,success,-1.1,94.199,-37.5,0.883,4963.6,yes
24,technician,single,professional.course,no,unknown,unknown,cellular,may,wed,311,2,999,0,nonexistent,-1.8,92.893,-46.2,1.27,5099.1,yes
31,blue-collar,married,basic.9y,no,yes,no,cellular,may,mon,475,1,999,1,failure,-1.8,92.893,-46.2,1.299,5099.1,yes
34,blue-collar,married,basic.6y,unknown,no,no,cellular,jul,wed,727,3,999,0,nonexistent,1.4,93.918,-42.7,4.962,5228.1,yes
61,admin.,married,university.degree,no,yes,yes,cellular,apr,thu,266,5,999,0,nonexistent,-1.8,93.075,-47.1,1.406,5099.1,yes
69,retired,divorced,university.degree,no,yes,no,cellular,apr,tue,207,2,999,0,nonexistent,-1.8,93.075,-47.1,1.423,5099.1,yes
28,student,single,basic.9y,no,yes,no,cellular,mar,tue,320,1,999,0,nonexistent,-1.8,92.843,-50,1.799,5099.1,yes
58,admin.,married,university.degree,no,no,no,cellular,sep,thu,272,4,6,1,success,-1.1,94.199,-37.5,0.878,4963.6,yes
37,admin.,married,university.degree,no,no,no,telephone,jul,mon,1009,5,999,0,nonexistent,1.4,93.918,-42.7,4.962,5228.1,yes
30,student,single,high.school,no,no,no,cellular,mar,fri,268,5,10,2,failure,-1.8,92.843,-50,1.64,5099.1,yes
25,technician,single,professional.course,no,yes,no,cellular,nov,fri,712,2,19,1,success,-1.1,94.767,-50.8,1.04,4963.6,yes
26,unemployed,single,university.degree,no,yes,no,cellular,aug,thu,203,1,3,3,success,-1.7,94.027,-38.3,0.904,4991.6,yes
26,blue-collar,married,basic.9y,no,no,no,telephone,jun,mon,230,3,999,0,nonexistent,1.4,94.465,-41.8,4.865,5228.1,yes
44,services,divorced,basic.6y,no,yes,no,cellular,aug,wed,153,3,0,1,success,-1.7,94.027,-38.3,0.9,4991.6,yes
43,admin.,single,high.school,no,no,no,cellular,nov,wed,1011,1,999,1,failure,-0.1,93.2,-42,4.12,5195.8,yes
53,blue-collar,married,basic.4y,unknown,yes,no,telephone,aug,tue,1186,4,999,0,nonexistent,1.4,93.444,-36.1,4.968,5228.1,yes
54,housemaid,divorced,university.degree,no,yes,yes,cellular,nov,thu,653,1,999,0,nonexistent,-0.1,93.2,-42,4.076,5195.8,yes
31,admin.,married,high.school,no,no,yes,cellular,aug,mon,155,2,4,1,success,-2.9,92.201,-31.4,0.884,5076.2,yes
26,management,single,university.degree,no,no,no,cellular,mar,thu,139,1,999,0,nonexistent,-1.8,92.843,-50,1.65,5099.1,yes
33,technician,single,professional.course,no,yes,no,cellular,may,wed,519,2,999,2,failure,-1.8,92.893,-46.2,1.334,5099.1,yes
30,admin.,single,professional.course,no,unknown,unknown,cellular,jun,thu,246,1,7,1,success,-2.9,92.963,-40.8,1.26,5076.2,yes
31,management,single,university.degree,no,yes,no,cellular,nov,wed,424,2,999,0,nonexistent,-0.1,93.2,-42,4.12,5195.8,yes
48,unemployed,married,professional.course,no,no,no,telephone,may,wed,360,1,6,1,success,-1.8,93.876,-40,0.682,5008.7,yes
25,student,single,unknown,no,no,no,cellular,jun,mon,301,3,999,0,nonexistent,-2.9,92.963,-40.8,1.281,5076.2,yes
30,technician,married,university.degree,no,yes,no,telephone,may,tue,683,2,999,0,nonexistent,1.1,93.994,-36.4,4.856,5191,yes
32,technician,married,professional.course,no,no,no,cellular,apr,mon,688,2,999,0,nonexistent,-1.8,93.749,-34.6,0.645,5008.7,yes
33,admin.,single,professional.course,no,yes,no,cellular,may,mon,1340,1,999,0,nonexistent,-1.8,92.893,-46.2,1.244,5099.1,yes
80,retired,married,basic.4y,no,no,no,cellular,mar,fri,213,3,6,4,success,-1.8,93.369,-34.8,0.649,5008.7,yes
38,admin.,single,high.school,no,yes,no,cellular,apr,thu,882,1,6,1,success,-1.8,93.749,-34.6,0.659,5008.7,yes
45,management,married,unknown,no,yes,no,cellular,apr,tue,379,3,7,1,success,-1.8,93.749,-34.6,0.642,5008.7,yes
44,management,married,university.degree,no,no,no,cellular,aug,tue,175,2,999,2,failure,-2.9,92.201,-31.4,0.883,5076.2,yes
43,admin.,married,university.degree,unknown,yes,no,cellular,aug,tue,1332,1,999,0,nonexistent,1.4,93.444,-36.1,4.968,5228.1,yes
42,admin.,married,university.degree,no,yes,no,cellular,aug,tue,1311,2,999,0,nonexistent,1.4,93.444,-36.1,4.968,5228.1,yes
50,blue-collar,married,basic.9y,no,yes,no,cellular,apr,thu,1365,2,999,1,failure,-1.8,93.075,-47.1,1.41,5099.1,yes
49,blue-collar,married,basic.6y,no,yes,no,telephone,may,fri,1980,2,999,0,nonexistent,1.1,93.994,-36.4,4.864,5191,yes
44,services,divorced,high.school,no,yes,yes,cellular,apr,tue,895,1,999,0,nonexistent,-1.8,93.075,-47.1,1.453,5099.1,yes
34,technician,divorced,professional.course,no,yes,no,cellular,may,fri,1190,2,999,0,nonexistent,-1.8,92.893,-46.2,1.25,5099.1,yes
30,admin.,married,university.degree,no,yes,yes,cellular,may,mon,742,4,999,0,nonexistent,-1.8,92.893,-46.2,1.354,5099.1,yes
27,technician,single,high.school,no,yes,no,cellular,jul,fri,784,1,999,0,nonexistent,1.4,93.918,-42.7,4.962,5228.1,yes
35,self-employed,married,university.degree,no,yes,no,cellular,jun,thu,269,1,999,0,nonexistent,-2.9,92.963,-40.8,1.26,5076.2,yes
63,management,married,basic.4y,unknown,yes,no,cellular,nov,tue,131,4,999,2,failure,-3.4,92.649,-30.1,0.715,5017.5,yes
52,admin.,married,university.degree,no,no,no,cellular,may,thu,195,1,999,0,nonexistent,-1.8,93.876,-40,0.677,5008.7,yes
28,student,single,basic.9y,no,yes,no,cellular,mar,tue,156,1,999,0,nonexistent,-1.8,92.843,-50,1.799,5099.1,yes
38,blue-collar,single,high.school,no,no,no,telephone,mar,tue,450,3,6,2,success,-1.8,93.369,-34.8,0.652,5008.7,yes
33,self-employed,single,university.degree,no,yes,no,cellular,mar,mon,265,2,999,0,nonexistent,-1.8,93.369,-34.8,0.652,5008.7,yes
58,retired,divorced,university.degree,no,yes,no,cellular,apr,wed,129,1,999,0,nonexistent,-1.8,93.075,-47.1,1.415,5099.1,yes
30,services,single,high.school,no,yes,no,cellular,aug,thu,148,2,999,0,nonexistent,-2.9,92.201,-31.4,0.873,5076.2,yes
25,student,single,high.school,no,no,no,cellular,jun,mon,485,2,999,0,nonexistent,-1.7,94.055,-39.8,0.72,4991.6,yes
41,housemaid,married,high.school,no,yes,no,telephone,nov,fri,1074,1,999,0,nonexistent,-0.1,93.2,-42,4.021,5195.8,yes
53,blue-collar,single,basic.9y,no,unknown,unknown,cellular,mar,thu,362,1,9,2,success,-1.8,93.369,-34.8,0.643,5008.7,yes
34,admin.,married,university.degree,no,no,no,cellular,oct,fri,281,1,999,2,failure,-3.4,92.431,-26.9,0.73,5017.5,yes
43,admin.,married,high.school,no,no,no,telephone,jun,fri,1422,10,999,0,nonexistent,1.4,94.465,-41.8,4.959,5228.1,yes
37,management,married,unknown,no,no,no,cellular,dec,wed,149,3,999,0,nonexistent,-3,92.713,-33,0.715,5023.5,yes
32,admin.,married,university.degree,no,yes,no,cellular,jun,tue,712,1,3,2,failure,-2.9,92.963,-40.8,1.262,5076.2,yes
41,self-employed,married,basic.9y,no,yes,no,cellular,may,thu,1135,3,999,1,failure,-1.8,92.893,-46.2,1.327,5099.1,yes
51,technician,single,university.degree,no,no,no,cellular,jun,fri,657,1,999,0,nonexistent,-2.9,92.963,-40.8,1.268,5076.2,yes
52,management,married,university.degree,no,no,no,cellular,aug,tue,600,1,999,0,nonexistent,-2.9,92.201,-31.4,0.884,5076.2,yes
40,unemployed,married,professional.course,no,no,yes,telephone,sep,fri,91,1,999,0,nonexistent,-3.4,92.379,-29.8,0.773,5017.5,yes
38,technician,married,professional.course,no,yes,no,cellular,mar,fri,363,2,10,1,success,-1.8,92.843,-50,1.726,5099.1,yes
66,retired,married,professional.course,no,no,yes,cellular,mar,tue,525,1,21,2,failure,-1.8,93.369,-34.8,0.655,5008.7,yes
50,technician,married,professional.course,unknown,yes,yes,telephone,jun,fri,705,7,999,0,nonexistent,1.4,94.465,-41.8,4.959,5228.1,yes
82,housemaid,divorced,basic.4y,no,no,no,cellular,jul,wed,316,1,999,0,nonexistent,-1.7,94.215,-40.3,0.881,4991.6,yes
55,unknown,married,basic.4y,no,yes,no,cellular,jul,thu,1298,1,999,0,nonexistent,1.4,93.918,-42.7,4.962,5228.1,yes
28,technician,single,professional.course,no,yes,no,cellular,aug,thu,78,3,999,0,nonexistent,-2.9,92.201,-31.4,0.851,5076.2,yes
37,admin.,married,university.degree,no,no,yes,cellular,dec,mon,206,2,6,1,success,-3,92.713,-33,0.706,5023.5,yes
26,admin.,single,university.degree,no,no,no,telephone,aug,mon,1087,1,3,1,success,-1.7,94.027,-38.3,0.904,4991.6,yes
39,services,single,high.school,no,yes,no,cellular,aug,fri,308,6,999,0,nonexistent,-1.7,94.027,-38.3,0.898,4991.6,yes
37,admin.,single,university.degree,no,no,no,cellular,oct,fri,416,2,999,0,nonexistent,-3.4,92.431,-26.9,0.72,5017.5,yes
52,management,married,high.school,no,no,no,cellular,aug,tue,408,1,999,0,nonexistent,-2.9,92.201,-31.4,0.883,5076.2,yes
68,retired,divorced,professional.course,no,yes,no,cellular,oct,tue,418,2,999,0,nonexistent,-3.4,92.431,-26.9,0.728,5017.5,yes
36,admin.,married,university.degree,no,yes,no,cellular,may,tue,196,1,999,0,nonexistent,-1.8,93.876,-40,0.697,5008.7,yes
57,technician,married,high.school,unknown,no,no,cellular,aug,fri,784,1,999,0,nonexistent,1.4,93.444,-36.1,4.966,5228.1,yes
33,management,married,professional.course,no,no,no,cellular,may,thu,578,1,999,0,nonexistent,-1.8,92.893,-46.2,1.266,5099.1,yes
48,admin.,divorced,basic.9y,no,no,no,cellular,jul,tue,1424,4,999,0,nonexistent,1.4,93.918,-42.7,4.961,5228.1,yes
54,blue-collar,married,basic.9y,no,no,no,cellular,jun,fri,258,2,999,0,nonexistent,-2.9,92.963,-40.8,1.268,5076.2,yes
30,technician,single,university.degree,no,no,no,cellular,sep,thu,327,2,999,0,nonexistent,-1.1,94.199,-37.5,0.879,4963.6,yes
28,technician,single,university.degree,no,yes,no,cellular,mar,mon,120,3,999,0,nonexistent,-1.8,92.843,-50,1.811,5099.1,yes
38,services,single,high.school,no,no,no,cellular,sep,fri,256,2,999,0,nonexistent,-1.1,94.199,-37.5,0.878,4963.6,yes
52,technician,married,university.degree,no,no,no,cellular,may,thu,211,1,3,4,success,-1.8,93.876,-40,0.677,5008.7,yes
60,retired,married,high.school,no,no,no,cellular,may,thu,181,3,6,1,success,-1.8,93.876,-40,0.699,5008.7,yes
64,retired,married,unknown,no,no,no,cellular,aug,fri,252,4,999,0,nonexistent,-2.9,92.201,-31.4,0.849,5076.2,yes
59,admin.,married,high.school,no,yes,no,cellular,aug,wed,1019,2,2,1,success,-2.9,92.201,-31.4,0.884,5076.2,yes
31,services,married,basic.9y,no,yes,no,cellular,jul,wed,537,1,999,0,nonexistent,1.4,93.918,-42.7,4.962,5228.1,yes
32,self-employed,single,university.degree,no,yes,no,cellular,dec,mon,205,4,999,1,failure,-3,92.713,-33,0.706,5023.5,yes
36,admin.,married,university.degree,no,no,no,cellular,jun,mon,174,1,3,1,success,-2.9,92.963,-40.8,1.266,5076.2,yes
40,admin.,married,university.degree,no,no,no,cellular,apr,thu,815,1,999,0,nonexistent,-1.8,93.075,-47.1,1.365,5099.1,yes
31,technician,married,professional.course,no,yes,no,telephone,jun,tue,208,1,999,0,nonexistent,-1.7,94.055,-39.8,0.723,4991.6,yes
49,self-employed,married,high.school,no,no,no,cellular,may,fri,532,3,999,0,nonexistent,-1.8,92.893,-46.2,1.25,5099.1,yes
53,technician,single,professional.course,no,yes,no,cellular,nov,wed,1468,3,999,0,nonexistent,-0.1,93.2,-42,4.12,5195.8,yes
33,services,married,high.school,no,yes,no,cellular,jun,wed,274,2,12,2,success,-1.7,94.055,-39.8,0.767,4991.6,yes
33,admin.,single,university.degree,no,no,no,cellular,mar,tue,406,2,999,1,failure,-1.8,92.843,-50,1.614,5099.1,yes
45,admin.,single,university.degree,no,no,no,cellular,may,fri,582,1,3,1,success,-1.8,92.893,-46.2,1.259,5099.1,yes
49,housemaid,married,basic.4y,unknown,no,yes,telephone,may,wed,801,1,999,0,nonexistent,1.1,93.994,-36.4,4.858,5191,yes
52,technician,married,professional.course,no,yes,no,cellular,nov,fri,495,1,3,1,success,-3.4,92.649,-30.1,0.714,5017.5,yes
32,services,single,high.school,no,yes,yes,cellular,aug,wed,253,1,4,2,success,-2.9,92.201,-31.4,0.884,5076.2,yes
41,admin.,married,university.degree,no,no,no,cellular,apr,tue,463,1,999,0,nonexistent,-1.8,93.075,-47.1,1.453,5099.1,yes
50,self-employed,married,basic.9y,no,yes,yes,cellular,may,mon,673,6,3,1,success,-1.8,92.893,-46.2,1.354,5099.1,yes
32,admin.,married,university.degree,no,yes,yes,cellular,jun,tue,384,1,999,0,nonexistent,-2.9,92.963,-40.8,1.262,5076.2,yes
33,services,married,professional.course,no,yes,yes,cellular,jul,thu,630,4,999,0,nonexistent,1.4,93.918,-42.7,4.968,5228.1,yes
25,student,single,university.degree,no,no,no,cellular,aug,thu,184,1,999,0,nonexistent,-2.9,92.201,-31.4,0.851,5076.2,yes
71,housemaid,married,basic.4y,no,yes,no,cellular,nov,tue,193,2,999,0,nonexistent,-3.4,92.649,-30.1,0.715,5017.5,yes
27,admin.,single,university.degree,no,yes,no,cellular,apr,fri,156,2,999,0,nonexistent,-1.8,93.075,-47.1,1.405,5099.1,yes
45,admin.,divorced,high.school,no,yes,no,cellular,nov,fri,980,2,999,0,nonexistent,-0.1,93.2,-42,4.021,5195.8,yes
29,unemployed,married,basic.4y,no,no,no,telephone,dec,thu,805,1,999,0,nonexistent,-3,92.713,-33,0.714,5023.5,yes
26,student,single,professional.course,no,yes,no,cellular,aug,tue,176,2,999,1,failure,-2.9,92.201,-31.4,0.883,5076.2,yes
54,unemployed,married,high.school,no,yes,no,cellular,dec,wed,346,1,999,0,nonexistent,-3,92.713,-33,0.721,5023.5,yes
28,admin.,single,high.school,no,no,no,cellular,jun,mon,491,2,999,0,nonexistent,-2.9,92.963,-40.8,1.26,5076.2,yes
39,management,married,university.degree,no,yes,no,cellular,sep,thu,291,3,999,0,nonexistent,-1.1,94.199,-37.5,0.884,4963.6,yes
43,blue-collar,married,basic.6y,no,yes,no,cellular,jun,mon,458,6,999,0,nonexistent,-2.9,92.963,-40.8,1.281,5076.2,yes
33,admin.,single,university.degree,no,yes,no,cellular,oct,fri,233,1,999,0,nonexistent,-3.4,92.431,-26.9,0.739,5017.5,yes
66,retired,married,high.school,no,unknown,unknown,cellular,mar,tue,881,3,999,1,failure,-1.8,93.369,-34.8,0.646,5008.7,yes
57,technician,married,professional.course,no,yes,no,telephone,may,mon,483,2,999,0,nonexistent,1.1,93.994,-36.4,4.858,5191,yes
74,retired,married,university.degree,no,yes,yes,cellular,aug,wed,232,3,999,0,nonexistent,-2.9,92.201,-31.4,0.854,5076.2,yes
81,retired,married,basic.4y,no,yes,no,cellular,oct,wed,621,1,999,2,failure,-1.1,94.601,-49.5,1.016,4963.6,yes
60,admin.,married,university.degree,no,yes,no,cellular,may,mon,1602,2,999,0,nonexistent,-1.8,92.893,-46.2,1.354,5099.1,yes
47,management,married,university.degree,no,yes,no,cellular,sep,mon,323,1,3,2,success,-3.4,92.379,-29.8,0.771,5017.5,yes
25,admin.,single,university.degree,no,yes,yes,cellular,oct,fri,115,1,999,1,failure,-3.4,92.431,-26.9,0.739,5017.5,yes
